Isaac Veum DDS,Leonardo_Davis@gmail.com,501.209.9396 x625,2023-08-20T08:14:51.956Z,2023-12-25T06:05:44.380Z,true
Lyle Robel,Jade61@yahoo.com,(380) 299-7240 x6215,2023-07-12T06:14:07.157Z,2024-10-21T03:20:45.798Z,true
Miss Kristin Powlowski,Keara70@yahoo.com,718.286.5952,2022-06-17T20:25:50.533Z,2023-04-20T06:24:12.739Z,true
Shannon Towne,Preston72@gmail.com,339-939-5610 x0550,2024-03-16T03:37:50.714Z,2024-08-07T08:49:10.667Z,true
Sylvester Dibbert I,Raphael_Dicki93@yahoo.com,230-362-7469 x752,2022-10-20T14:58:17.089Z,2022-10-27T01:54:49.836Z,true
Blanca Cronin,Laura_Gerhold70@gmail.com,1-298-224-8124 x1317,2024-04-17T12:24:25.669Z,2024-08-17T01:11:43.611Z,true
Mercedes Schaefer,Jasmin49@hotmail.com,(863) 436-8443,2022-05-28T16:15:09.932Z,2024-07-09T18:56:49.770Z,true
Marvin Bednar,Haylee_Kshlerin@gmail.com,442-522-8866 x9379,2024-05-27T22:39:28.219Z,2024-07-17T04:47:45.680Z,true
Corey Kautzer,Jamaal_Daugherty73@yahoo.com,791-696-4757 x574,2024-08-20T23:20:21.596Z,2024-10-22T14:03:16.898Z,true
Darrin Sanford,Abbie.Satterfield98@gmail.com,596-969-0651,2022-09-27T03:51:02.894Z,2024-03-14T20:43:23.022Z,true
Marty Ratke,Logan84@yahoo.com,(265) 417-5366 x78006,2024-08-16T09:31:43.564Z,2024-10-29T06:54:20.352Z,true
Floyd Thompson,Lonie41@gmail.com,1-613-685-1764,2023-08-20T19:15:10.351Z,2024-07-29T22:58:33.470Z,true
Winston Bashirian,Napoleon77@hotmail.com,844-389-4361,2023-06-17T10:18:25.002Z,2023-06-17T17:00:32.124Z,true
Jason Carroll,Kailey52@yahoo.com,1-624-253-1330 x8811,2024-05-26T22:08:54.759Z,2024-09-14T16:49:17.988Z,true
Yvonne Osinski,Brian20@gmail.com,(798) 277-7396 x00473,2022-05-08T06:44:26.263Z,2022-08-27T04:45:50.615Z,true
Maria Crona-Altenwerth I,Emilie.Reichel53@yahoo.com,828.695.3490,2023-06-08T07:41:05.256Z,2024-09-08T07:29:04.019Z,true
Rafael Harvey DDS,Bill.Davis9@yahoo.com,745-982-2752 x270,2022-10-10T00:42:38.560Z,2024-02-18T02:20:39.139Z,true
Lindsey Barrows,Evie_Littel@yahoo.com,1-429-261-9905 x281,2022-05-01T00:01:23.956Z,2024-08-04T07:49:38.588Z,true
Jason Fritsch,Nina.Considine60@hotmail.com,(940) 402-1056 x7819,2023-08-04T14:40:11.220Z,2024-10-25T00:06:05.694Z,true
Guy Schroeder,Benjamin_Streich60@gmail.com,568-842-1510 x6763,2024-01-03T03:18:41.394Z,2024-08-11T16:01:41.332Z,true
Dianna Marvin MD,Leta29@yahoo.com,872-267-1964 x8939,2023-06-12T00:47:54.031Z,2023-09-15T03:57:50.953Z,true
Marjorie King Sr.,Giovanni.Murphy97@yahoo.com,1-548-316-8863 x98850,2022-03-09T03:06:51.066Z,2023-06-11T22:45:57.543Z,true
Helen Ankunding,Gaetano_West@hotmail.com,1-722-973-9341 x99457,2023-12-19T20:41:59.937Z,2024-11-05T04:35:10.001Z,true
Dr. Alexander Pollich,Abigail87@yahoo.com,474.712.3038,2021-12-10T04:15:06.393Z,2024-10-28T16:31:35.422Z,true
Hannah Beier,Jamie.Stehr@hotmail.com,749-292-4853 x0498,2024-04-15T19:56:52.079Z,2024-07-23T19:10:10.067Z,true
Daisy Kozey,Wilbert_Armstrong11@gmail.com,313-532-6253 x8037,2022-08-01T22:05:52.655Z,2024-09-19T12:23:55.361Z,true
Kelly Kshlerin-Schultz,Maxine97@gmail.com,1-650-384-9160 x6788,2024-09-12T20:17:08.836Z,2024-09-16T15:06:14.750Z,true
Miss Kara Weissnat-Price,Josefa_Kulas3@hotmail.com,1-748-960-2448 x921,2022-06-23T23:45:34.201Z,2024-01-16T15:01:11.575Z,true
Boyd Gutmann,Clarabelle.Fahey93@hotmail.com,450.964.5650,2022-04-25T04:02:26.453Z,2022-05-13T23:41:37.377Z,true
Geoffrey Hagenes,Oliver_Macejkovic32@hotmail.com,(754) 936-3338 x71993,2021-11-19T21:23:16.449Z,2022-10-31T12:26:59.229Z,true
Angelica Blick,Alan_Hickle@yahoo.com,(310) 514-1136 x7227,2022-04-16T10:00:13.825Z,2023-07-02T14:22:39.244Z,true
Blanca Hane,Peggie.Rempel@hotmail.com,254-341-1920 x743,2024-07-26T16:49:31.938Z,2024-10-17T04:22:23.655Z,true
Jeff Balistreri,Orin5@gmail.com,1-756-747-4113 x03583,2022-01-09T14:30:43.534Z,2022-06-24T22:20:49.193Z,true
Nathaniel Lind,Benton30@yahoo.com,1-857-219-8420 x0277,2022-06-14T19:47:44.502Z,2024-02-17T15:00:12.693Z,true
Wilson Hoppe,Rico.Mosciski6@yahoo.com,271.554.3548,2023-01-09T20:50:24.539Z,2023-12-13T05:29:56.619Z,true
Kristine Fay,Carli_Champlin66@gmail.com,1-440-484-0475,2023-11-06T21:32:52.764Z,2024-09-06T09:30:34.675Z,true
Damon Swaniawski,Ocie.Jenkins24@hotmail.com,1-300-612-5257 x562,2023-04-28T19:24:10.673Z,2024-09-30T17:43:46.710Z,true
Ricardo Gibson,Lillian3@yahoo.com,1-248-526-8790 x96930,2023-03-29T01:53:25.595Z,2023-11-20T13:02:53.271Z,true
Winifred Beahan,Sibyl.Huel-Dibbert@hotmail.com,(611) 943-1096 x82170,2022-11-23T06:57:51.196Z,2024-01-21T13:53:22.156Z,true
Jeannette Bruen IV,Arthur3@yahoo.com,(513) 458-6582 x7175,2021-11-28T11:32:54.193Z,2023-07-16T09:26:37.337Z,true
Alicia Murray-Schamberger,Jackie66@hotmail.com,1-858-572-7327 x70229,2023-11-14T15:18:51.684Z,2023-12-09T10:53:43.607Z,true
Donnie Marquardt,Fredrick.Mante@hotmail.com,1-359-636-4427,2024-10-24T19:43:34.366Z,2024-11-04T23:16:20.287Z,true
Dewey Ankunding Sr.,Rogelio_Auer@hotmail.com,(612) 580-3147 x74141,2022-04-10T22:51:59.201Z,2023-01-30T19:04:38.658Z,true
Gordon Hansen,Jordy.Hagenes@yahoo.com,1-860-253-8024 x2591,2024-02-26T23:41:48.590Z,2024-10-02T19:44:46.617Z,true
Mrs. Eva Franey,Annette_Padberg68@hotmail.com,1-829-913-6877 x7961,2023-12-13T19:45:08.611Z,2024-07-19T17:23:29.544Z,true
Maria Anderson Jr.,Tomasa_Rath@yahoo.com,1-555-864-4139 x35760,2024-03-01T22:26:17.935Z,2024-05-21T02:30:28.998Z,true
Mr. Johnathan Keebler,Abbigail17@hotmail.com,1-372-395-4669 x819,2024-10-06T08:00:22.499Z,2024-10-31T04:03:02.444Z,true
Billy Durgan,Josh.Reichert53@yahoo.com,1-304-736-1225 x960,2022-07-27T15:25:08.513Z,2023-11-16T04:25:10.246Z,true
Van Terry DDS,Jazmin.Tillman54@yahoo.com,(328) 833-8438,2023-06-16T16:00:42.182Z,2023-12-25T19:27:12.097Z,true
Jeremiah Rowe DVM,Xavier23@gmail.com,(609) 866-6375 x7553,2023-07-06T17:19:17.914Z,2024-08-02T01:53:25.545Z,true
Johnathan Lakin,Neva82@yahoo.com,894.706.3323,2023-06-21T22:39:01.909Z,2024-03-18T14:51:28.749Z,true
Jon Volkman-Skiles,Novella14@yahoo.com,255.219.6805 x9221,2022-12-14T23:14:55.672Z,2024-06-18T05:48:57.740Z,true
Leon Frami,Elvie_Parker@hotmail.com,1-895-894-6125,2024-07-13T10:50:47.062Z,2024-08-21T06:03:14.816Z,true
Mattie Stiedemann,Lane48@yahoo.com,323.274.0908 x4894,2022-06-24T16:47:03.864Z,2024-07-16T07:52:12.759Z,true
Gwen Conn,Mattie80@yahoo.com,(639) 759-9085 x3506,2024-01-20T16:00:53.386Z,2024-06-14T16:36:38.501Z,true
Janice Sanford,Donavon_Heathcote@yahoo.com,(602) 243-9623 x6684,2023-05-21T11:31:06.049Z,2023-05-24T17:44:29.465Z,true
Latoya Gislason,Cole97@gmail.com,524-449-0635,2022-06-15T18:09:02.667Z,2022-11-23T13:35:41.608Z,true
Dave Shanahan,Scottie.Kutch@gmail.com,(858) 518-9277 x57340,2024-05-20T23:45:20.836Z,2024-10-03T23:44:25.622Z,true
Kelli McGlynn DVM,Donavon.Von16@gmail.com,898-221-6253 x1378,2024-07-29T06:28:40.014Z,2024-08-31T01:46:29.831Z,true
Johnnie Leannon-Hoeger,Francisca63@hotmail.com,1-589-899-5143 x05078,2022-10-24T09:09:58.985Z,2024-04-05T02:10:52.992Z,true
Russell Witting PhD,Kellie2@hotmail.com,510.755.1113 x625,2024-01-13T19:16:26.088Z,2024-06-12T12:52:45.656Z,true
Miss Alexandra Sporer I,Laverna64@hotmail.com,327.708.5993,2023-12-25T13:31:54.004Z,2024-05-21T02:28:06.056Z,true
Anita Franecki,Raleigh43@yahoo.com,416.933.0515 x39991,2023-09-09T11:54:22.514Z,2023-11-29T19:53:35.581Z,true
Erin Kulas,Demetrius97@gmail.com,238.311.3713 x83504,2023-06-30T18:34:50.031Z,2024-10-09T13:05:43.092Z,true
Hector Kuhn,Araceli_King@yahoo.com,1-847-641-0941 x60010,2024-05-01T08:37:37.766Z,2024-09-18T04:28:46.648Z,true
Warren Gislason,Estefania_Williamson@gmail.com,1-922-604-3130 x5466,2021-12-01T05:58:37.307Z,2022-11-25T15:38:27.467Z,true
Phil Ondricka,Andrew67@gmail.com,1-906-552-3496,2023-04-25T22:35:50.316Z,2024-05-19T19:38:27.858Z,true
Mercedes Emard,Orlando_Fisher@hotmail.com,1-214-854-2103 x6365,2024-04-06T15:11:58.944Z,2024-10-07T03:24:32.615Z,true
Glenda Fadel,Garfield.Rodriguez@yahoo.com,(208) 399-1516 x75847,2024-04-23T03:02:22.160Z,2024-05-27T15:25:45.543Z,true
Jaime Kunze,Isabella.Schuster-Kunze@hotmail.com,386.301.4048 x179,2024-01-29T03:47:42.247Z,2024-06-08T11:56:33.670Z,true
Sabrina Beahan,Isom.Kunde11@yahoo.com,694-763-2556,2022-11-01T22:08:48.630Z,2023-11-19T16:25:45.196Z,true
Dr. Carmen Dibbert,Halle68@yahoo.com,1-251-658-9350 x382,2022-08-23T04:58:32.038Z,2022-11-25T06:52:55.523Z,true
Marianne Doyle,Mose_Wintheiser@hotmail.com,895-486-4872,2021-11-23T05:47:47.259Z,2023-08-06T01:40:36.087Z,true
Dr. Cynthia Grady,Joany_Stamm@gmail.com,513.817.8014 x8814,2022-07-15T16:48:36.307Z,2023-08-17T21:56:12.509Z,true
Deborah Hand,Talia.Klocko@gmail.com,877.864.5683 x483,2022-06-10T09:15:26.762Z,2024-07-29T00:58:10.465Z,true
Dr. Steve Grant,Jany67@gmail.com,242.722.8795 x00903,2023-06-02T02:07:28.003Z,2023-11-23T21:47:48.711Z,true
Dr. Gary Schimmel,Obie_Witting@yahoo.com,1-934-727-8818,2023-01-09T21:21:12.633Z,2024-07-08T21:56:54.069Z,true
Ashley Rempel,Moises.Effertz28@yahoo.com,939-479-9990 x81555,2024-11-05T14:18:00.544Z,2024-11-06T01:54:14.063Z,true
Abel Herman,Pansy.Emmerich73@yahoo.com,844-533-1569 x875,2023-12-06T11:42:55.116Z,2024-06-12T05:15:09.707Z,true
Kenny Connelly,Natalie31@gmail.com,938.736.0987 x3095,2024-10-14T16:50:16.907Z,2024-10-19T07:04:51.859Z,true
Laverne Kassulke,Addie57@hotmail.com,1-881-303-8024 x31050,2024-09-09T01:38:20.030Z,2024-09-25T18:29:56.939Z,true
Sandy Ratke IV,Hipolito.Conn68@hotmail.com,(695) 310-6094,2023-12-10T07:02:10.633Z,2024-04-21T00:52:59.009Z,true
Dora Ferry,Shea23@hotmail.com,1-491-292-1040 x0901,2023-03-25T05:09:52.542Z,2023-08-06T14:34:20.025Z,true
Bryant Pacocha,Makenna_OConner@yahoo.com,575-271-6678,2023-05-25T14:22:56.219Z,2023-06-05T10:26:15.015Z,true
Geraldine Feil DVM,Robin54@yahoo.com,300.548.6923 x5853,2023-04-02T02:56:46.941Z,2023-08-21T17:51:27.429Z,true
Regina Davis,Omari.Kirlin@hotmail.com,1-543-460-5582 x3976,2024-05-27T06:20:51.314Z,2024-09-23T19:24:31.266Z,true
Margie Keebler,Jazmyn.Graham@gmail.com,454-425-3534 x672,2024-06-08T01:06:20.566Z,2024-06-29T16:48:13.477Z,true
Gabriel Leuschke PhD,Sanford_Deckow@yahoo.com,758.950.8678 x9833,2023-06-28T13:18:04.846Z,2023-11-19T08:23:57.702Z,true
Pam Wilderman,Claire_Abernathy@yahoo.com,544.719.6443,2024-01-22T15:42:39.933Z,2024-04-22T16:17:15.090Z,true
Gloria Davis Jr.,Frederic_Brekke32@gmail.com,(873) 904-3524 x7155,2023-01-28T18:06:09.715Z,2024-04-16T20:33:01.474Z,true
Elias Dickinson,Santiago.Ward24@gmail.com,1-624-225-2780 x296,2024-07-14T11:01:32.601Z,2024-10-17T12:05:19.124Z,true
Priscilla Brown,Josiane.Klein84@hotmail.com,(224) 517-9992 x141,2023-07-17T07:40:22.189Z,2023-07-26T11:33:20.919Z,true
Kelley Skiles,Johanna.Senger23@gmail.com,733-236-9691 x13181,2022-01-17T06:13:56.169Z,2022-06-08T22:23:27.641Z,true
William Jones,Hudson.Deckow84@gmail.com,612.795.2525 x3622,2024-09-02T16:33:10.628Z,2024-10-05T18:49:32.565Z,true
Malcolm Skiles,Jamey81@gmail.com,810.423.4861 x0026,2022-06-10T23:38:14.624Z,2024-08-31T06:53:04.871Z,true
Arturo Hahn DDS,Georgianna.Keebler-Kihn@yahoo.com,741-952-2299 x260,2023-11-08T16:40:45.911Z,2024-05-25T13:22:43.797Z,true
Helen Abshire-Braun,Enrico.Konopelski@yahoo.com,(330) 395-0781 x996,2024-07-18T08:57:42.857Z,2024-11-03T15:19:15.172Z,true
Mr. Sergio Ankunding,Corbin.Parisian19@yahoo.com,396-301-8268 x38621,2022-01-25T23:13:37.234Z,2024-06-27T11:22:37.921Z,true
Paulette Zemlak,Brielle10@yahoo.com,1-536-253-8798 x10169,2022-07-11T07:24:35.770Z,2024-09-09T17:30:51.250Z,true
Mr. Theodore Lindgren-Hamill,Burnice.Deckow75@gmail.com,(298) 232-0271 x783,2021-12-18T19:01:36.917Z,2022-09-16T00:59:51.446Z,true
Elaine Keeling,Oceane92@hotmail.com,786.546.8840 x47329,2022-11-17T12:09:51.166Z,2022-11-18T07:15:15.512Z,true
Rolando Schinner,Zachary.Heaney52@gmail.com,892-770-6138 x16277,2022-11-07T11:43:32.843Z,2023-03-01T09:42:36.648Z,true
Andre Huels,Wallace65@yahoo.com,(591) 322-1342 x6508,2023-01-24T13:19:28.641Z,2023-01-30T23:15:36.224Z,true
Martha Pollich DVM,Orland.Nienow@hotmail.com,454-957-8455 x639,2021-12-27T03:40:21.298Z,2022-10-06T20:26:39.578Z,true
Dr. Eduardo Halvorson,Chelsea_Weissnat7@gmail.com,377.294.8417 x130,2023-01-05T23:40:00.766Z,2024-10-04T04:30:30.389Z,true
Jennifer Swift,Jerrell_Hagenes31@gmail.com,771-316-8402,2023-11-07T06:34:51.058Z,2023-11-20T11:46:33.305Z,true
Jerald Heidenreich,Dave30@gmail.com,(320) 895-6195 x766,2024-03-02T09:36:20.562Z,2024-08-14T06:49:20.898Z,true
Luther Will MD,Michael.Hodkiewicz@gmail.com,721.389.5056 x92066,2022-01-02T20:06:46.928Z,2022-07-06T04:27:03.471Z,true
Sonja Osinski,Guiseppe.Klein6@gmail.com,214.203.7873 x001,2024-05-18T15:05:08.735Z,2024-10-21T09:01:48.662Z,true
Abel Pfannerstill,Velma97@gmail.com,1-466-439-3126 x032,2022-03-01T12:41:47.516Z,2023-05-25T01:41:28.497Z,true
Pam Armstrong V,Hester62@yahoo.com,346.242.4078 x6526,2023-08-16T17:25:09.615Z,2024-08-01T18:24:32.381Z,true
Jeannette Connelly,Macie29@hotmail.com,1-355-521-2751 x43730,2023-09-08T19:50:01.699Z,2024-09-20T16:53:03.490Z,true
Rudolph Cole,Anjali76@yahoo.com,(808) 337-2990 x365,2023-10-02T04:31:12.178Z,2024-10-01T15:46:59.841Z,true
Mr. Jerry Hoeger,Fernando_Turner93@hotmail.com,750-455-6045 x0572,2022-01-22T17:19:26.407Z,2022-01-31T09:24:38.910Z,true
Myron Kulas,Jacey82@hotmail.com,(421) 709-4178 x2249,2023-10-31T13:21:01.736Z,2024-04-30T08:42:52.737Z,true
Lena Abernathy,Coty.Reynolds81@hotmail.com,549-630-3448 x604,2024-09-15T07:21:54.862Z,2024-10-11T06:32:31.707Z,true
Jenna Stehr,Susanna_Sawayn@hotmail.com,(738) 671-3745 x799,2022-08-26T20:53:42.691Z,2023-02-24T17:34:01.318Z,true
Alfredo Gutmann III,Darrion95@gmail.com,(459) 276-1222,2022-05-23T16:10:26.620Z,2022-09-18T10:43:25.059Z,true
Archie Mohr,Odie.Oberbrunner@hotmail.com,863.470.7057 x278,2023-09-04T09:32:04.040Z,2023-09-15T10:25:54.144Z,true
Eva Borer,Hazle_Blanda27@gmail.com,(270) 239-3498 x6900,2022-05-30T08:05:12.362Z,2023-10-20T14:14:24.262Z,true
Erin Jacobi,Grover.Rohan@yahoo.com,1-342-296-7728,2023-02-09T02:03:14.109Z,2024-04-26T18:44:50.881Z,true
Ms. Janis Stoltenberg,Alvina80@gmail.com,572-514-4918,2022-03-25T10:33:06.514Z,2023-09-06T02:01:38.724Z,true
Jermaine Metz,Carol_Breitenberg21@gmail.com,569.492.1654 x01121,2024-02-02T11:25:36.872Z,2024-06-19T11:57:36.574Z,true
Mack Gislason,Troy.Tillman54@hotmail.com,(880) 852-3682 x407,2024-09-08T12:11:13.372Z,2024-10-21T15:45:14.852Z,true
Jeffrey Hodkiewicz,Helmer.Herman98@yahoo.com,(653) 463-8787 x7478,2022-01-29T16:06:38.501Z,2024-05-01T17:03:33.247Z,true
Edwin Metz,Retta_Spinka@yahoo.com,995.538.9323 x7283,2022-09-09T09:43:26.433Z,2024-08-03T06:00:31.392Z,true
Robin Schimmel,Kathleen27@hotmail.com,496.666.7598 x9913,2022-02-25T10:10:32.714Z,2024-09-29T19:48:34.460Z,true
Scott Fadel,Hermina_Lubowitz@yahoo.com,(639) 942-8730 x169,2024-02-09T12:36:37.313Z,2024-08-24T05:38:32.090Z,true
Darla Leffler I,Elmore.Kreiger26@gmail.com,782.634.5137 x193,2022-03-31T04:33:31.947Z,2023-09-03T17:32:38.470Z,true
Melvin Hansen,Gabrielle33@gmail.com,565.266.4222 x2655,2021-11-20T13:14:26.289Z,2023-10-10T05:11:11.940Z,true
Armando Abbott,Greyson69@gmail.com,615.408.9079 x8055,2022-09-28T19:11:55.463Z,2024-10-27T12:36:16.145Z,true
Crystal Ernser,Warren72@yahoo.com,(489) 273-5469 x546,2021-12-22T15:26:16.470Z,2022-10-15T20:36:26.935Z,true
Ollie King,Bernard_Schowalter@gmail.com,781-525-2588 x1221,2023-08-18T20:38:10.130Z,2024-10-10T04:58:44.090Z,true
Wesley Veum,Lonzo_Quigley89@hotmail.com,(253) 370-9653,2023-07-05T04:04:31.416Z,2024-10-04T19:33:52.730Z,true
Johnny Gleichner DDS,Zander_Marvin@gmail.com,(386) 637-4035,2022-10-29T11:42:19.790Z,2023-11-13T15:59:13.536Z,true
Emilio Fay,Ruth_Pollich29@gmail.com,565.845.8842 x042,2024-07-03T08:55:31.887Z,2024-07-08T16:09:32.183Z,true
Dr. Cornelius Witting,Judge_Huels-Jones@yahoo.com,(787) 835-5080,2024-04-27T06:44:16.697Z,2024-05-24T09:55:42.346Z,true
Duane Armstrong,Judson.Marvin@gmail.com,1-826-424-7616 x68159,2024-06-15T03:10:34.249Z,2024-07-13T05:56:30.665Z,true
Rogelio Legros,Jamison_Turner@hotmail.com,563-949-6597,2024-01-24T08:21:44.514Z,2024-05-24T15:58:53.400Z,true
Vernon Paucek,Grant23@hotmail.com,(901) 851-5981 x83662,2024-10-11T13:20:53.129Z,2024-10-30T21:12:27.141Z,true
Eva Tillman,Tyson90@yahoo.com,1-816-236-2485 x8164,2021-12-04T11:28:50.075Z,2022-12-06T05:03:16.574Z,true
Marianne Stoltenberg,Gregorio.Zemlak@gmail.com,1-785-495-1026 x4330,2023-02-17T19:30:12.292Z,2023-10-22T18:05:57.961Z,true
Jean Pagac,Orrin_Barton52@hotmail.com,1-668-760-7969 x67676,2024-03-07T00:35:53.234Z,2024-07-19T11:00:32.191Z,true
Mr. Hector Greenfelder,Richmond27@yahoo.com,(944) 626-6384,2023-03-10T07:07:58.893Z,2024-01-05T11:01:47.840Z,true
Alejandro King,Cristobal21@gmail.com,678-793-0748 x3766,2022-11-03T02:20:46.683Z,2024-04-10T17:49:54.430Z,true
Barbara Sanford,Audra37@hotmail.com,373.609.7923 x86960,2022-07-23T10:06:03.774Z,2023-06-25T18:47:01.213Z,true
Mr. Thomas Koelpin,Fred96@hotmail.com,(906) 708-3158 x77824,2022-11-23T03:37:56.905Z,2022-12-16T02:04:24.563Z,true
Clark Borer,Omari_Halvorson@hotmail.com,349-672-9875 x77095,2024-03-13T19:25:16.434Z,2024-09-01T04:23:56.057Z,true
Christian Goldner-Mohr,Celestino7@gmail.com,(871) 978-5921,2024-02-15T03:21:09.281Z,2024-09-02T12:06:36.863Z,true
Dwight Heller,Raven.Ryan@yahoo.com,342-300-7783 x536,2023-05-22T23:39:18.678Z,2023-08-30T04:07:35.491Z,true
Toni Fahey,Shaun73@hotmail.com,461-315-6310 x109,2024-08-22T23:23:59.448Z,2024-10-29T05:24:04.121Z,true
Hope Jacobs,Clair.Tromp-Kutch1@hotmail.com,827.485.5696 x6161,2024-10-04T03:10:31.761Z,2024-10-24T07:47:38.425Z,true
Kelly Hand,Andre49@yahoo.com,631.424.9483 x51683,2023-12-31T21:31:25.882Z,2024-05-15T02:10:26.624Z,true
Kerry O'Conner,Coy.Gleason4@yahoo.com,(248) 992-8726,2023-02-19T10:52:52.297Z,2024-09-12T07:07:04.240Z,true
Cheryl Ferry,Randi_Goldner14@yahoo.com,1-567-427-1487 x313,2024-10-25T00:30:55.479Z,2024-11-03T17:53:31.010Z,true
Angel Jones,Leola.Lesch@gmail.com,700.334.2526 x605,2024-09-20T18:44:50.606Z,2024-09-21T05:43:06.412Z,true
Andy Lakin IV,Camylle_Hoeger44@yahoo.com,(970) 600-7178 x44530,2024-10-08T02:49:24.765Z,2024-11-01T12:00:05.340Z,true
Perry Russel,Ryan.Huel-Pfeffer@hotmail.com,660-500-6355 x6033,2023-02-09T15:20:00.489Z,2024-07-01T06:50:01.272Z,true
Janis Larson MD,Marisol_Walsh@yahoo.com,275-256-7220 x5578,2024-02-01T13:06:15.055Z,2024-08-25T17:19:23.771Z,true
Clay Murphy,Minerva74@hotmail.com,303-670-6753 x5105,2022-10-12T23:55:01.309Z,2023-02-08T02:09:25.932Z,true
Danielle O'Kon,Seamus20@hotmail.com,1-607-930-8883 x64217,2022-07-31T17:30:12.764Z,2023-04-29T18:27:28.822Z,true
Dr. Otis Cruickshank II,Caleigh_Connelly@yahoo.com,444.876.5547 x617,2022-01-06T10:14:32.058Z,2022-03-07T03:04:37.990Z,true
Marcia Rohan,Bryana.Grant@yahoo.com,1-529-842-8275,2024-07-28T13:59:57.577Z,2024-10-22T01:39:34.964Z,true
Fredrick Kuhn,Fidel_Kub95@hotmail.com,(555) 216-9796 x26050,2023-04-02T04:27:17.358Z,2023-07-04T11:29:58.079Z,true
Edmond Pollich,Niko.Shanahan@yahoo.com,672.329.2460 x519,2022-10-07T20:19:30.883Z,2024-08-13T11:14:46.328Z,true
Noel Hahn,Georgiana_Sipes@gmail.com,510.995.2484 x883,2021-12-12T20:16:59.234Z,2023-09-10T08:35:53.115Z,true
Olive Bogan,Shana7@gmail.com,262-233-9675,2022-09-27T20:10:10.211Z,2024-02-03T19:46:18.926Z,true
Brandy Hackett,Adan.Medhurst10@gmail.com,739-631-2246 x288,2022-05-26T22:21:43.205Z,2023-03-20T14:12:19.719Z,true
Victor Pfannerstill,Marianne97@hotmail.com,1-938-209-2514 x502,2021-11-23T00:59:36.610Z,2024-08-14T10:56:53.312Z,true
Ms. Pearl Batz,Berniece.Hayes40@gmail.com,246.279.0573 x0659,2022-03-03T21:28:26.493Z,2024-06-19T01:56:19.761Z,true
Kerry O'Connell Jr.,Bridgette_Veum96@yahoo.com,1-427-515-7492 x357,2022-06-28T09:11:29.466Z,2023-02-17T09:13:11.956Z,true
Mr. Rufus Hane,Kendall.Jaskolski@yahoo.com,281.215.0341,2023-10-18T18:43:29.498Z,2024-09-24T16:18:24.102Z,true
Carol Emmerich,Stone_Pagac@yahoo.com,773.797.7775,2024-04-28T08:10:00.499Z,2024-08-06T03:34:10.636Z,true
Moses Barton,Aiden_Lesch@hotmail.com,887-666-2257 x57907,2023-09-18T19:28:50.973Z,2024-05-31T10:26:30.424Z,true
Wanda Dickinson,Adam6@gmail.com,1-880-819-8858 x9199,2024-07-31T18:47:52.936Z,2024-08-21T16:21:32.706Z,true
Rosalie Weissnat-Lowe Jr.,Titus_Bogan85@yahoo.com,318.812.7637,2023-09-30T22:24:05.848Z,2024-02-20T18:21:28.219Z,true
Lydia Walsh,Alessia87@gmail.com,(272) 770-8030,2024-06-13T21:08:29.796Z,2024-08-08T23:29:26.760Z,true
Fred Hettinger,Maggie90@gmail.com,273.252.2776 x575,2024-10-15T15:54:13.075Z,2024-10-22T16:24:01.541Z,true
Blanca Bogisich,Joyce.Reinger79@gmail.com,765-717-8050 x71228,2023-10-25T22:46:16.729Z,2024-05-27T14:23:57.695Z,true
Mr. Otis Ferry-Sipes IV,Chester_Carter@yahoo.com,(817) 781-0035,2024-06-12T17:04:37.079Z,2024-10-15T08:47:35.103Z,true
Arnold Keeling Jr.,Dovie18@gmail.com,1-407-408-8335 x88193,2022-06-17T13:32:25.431Z,2023-08-03T14:48:18.390Z,true
Grady Olson,Alberta_Jones@gmail.com,(416) 374-7537 x64026,2023-04-17T01:10:14.180Z,2024-01-26T00:50:36.078Z,true
Kara Cole V,Helga8@hotmail.com,1-504-283-2484 x7578,2024-05-13T01:03:09.376Z,2024-08-26T11:06:12.353Z,true
Moses Ziemann MD,Cristian.Metz@gmail.com,381-338-2390 x86884,2023-03-24T16:50:10.539Z,2024-02-20T16:09:36.891Z,true
Bradford Medhurst,Augustus_Gerhold@yahoo.com,781.682.6383 x517,2022-08-22T05:28:00.633Z,2023-05-05T21:05:19.466Z,true
Robin Schroeder,Joana56@yahoo.com,671-479-2829 x7271,2023-10-28T16:18:39.163Z,2024-10-14T13:30:07.618Z,true
Dr. Ramon Wilderman,Rosemarie68@gmail.com,966.948.7881 x7473,2022-01-30T16:10:21.212Z,2023-09-12T08:14:41.373Z,true
Clifford Kovacek,Jarret.Lemke85@hotmail.com,(580) 357-9855 x4882,2023-05-13T21:37:17.179Z,2023-10-21T15:25:35.567Z,true
Mr. Toby Kerluke,Aaron.Runte-Dare51@hotmail.com,223-259-9922 x73918,2022-10-07T18:49:59.528Z,2023-02-26T23:55:10.457Z,true
Dr. Maria Osinski,Wilburn83@yahoo.com,(921) 327-3685 x0297,2023-04-25T07:56:34.015Z,2024-04-19T10:17:15.530Z,true
Mae Mertz,Aniyah27@yahoo.com,1-448-896-4205 x668,2024-08-29T02:16:01.188Z,2024-11-05T15:49:16.422Z,true
Ian Bernhard,Kylee_Donnelly@hotmail.com,(788) 896-5423 x830,2023-07-29T15:42:05.186Z,2024-06-02T20:33:53.919Z,true
Caleb Grimes,Larry64@hotmail.com,1-696-218-3360,2024-10-07T06:39:58.013Z,2024-11-03T20:35:47.024Z,true
Bessie McDermott III,Hadley_Gleason69@hotmail.com,828-697-9043 x8240,2022-04-13T11:08:16.417Z,2023-08-03T23:07:49.244Z,true
Geoffrey Ziemann Jr.,Gustave.Mante1@yahoo.com,1-681-673-4181 x54148,2023-03-23T15:27:07.544Z,2024-03-27T14:14:31.898Z,true
James Barton,Juana70@yahoo.com,(599) 338-0830,2022-02-06T21:02:20.002Z,2024-09-06T11:29:27.143Z,true
Gene Kreiger-Carter PhD,Lambert37@yahoo.com,1-551-856-0533 x57123,2022-06-03T08:39:11.151Z,2022-06-06T02:18:25.155Z,true
Olga Runolfsson,Alanna.Little60@gmail.com,268.380.8664,2022-02-20T18:20:59.224Z,2023-01-22T14:12:10.633Z,true
Dr. Susan Morissette,Valentin93@hotmail.com,(266) 429-9055 x403,2023-03-03T09:20:45.985Z,2024-07-10T01:33:32.600Z,true
Dr. Arlene Torp,Jocelyn.Prohaska@hotmail.com,1-336-447-0726,2023-04-13T23:56:51.828Z,2023-08-18T19:42:50.838Z,true
Genevieve Heidenreich,Clifton_Oberbrunner@hotmail.com,293-497-1642 x50170,2021-12-07T02:39:40.833Z,2024-04-13T10:30:04.835Z,true
Irving Jenkins-Jacobson,Devin.Kunde@yahoo.com,1-229-928-5719 x16834,2022-12-24T02:13:35.419Z,2024-02-04T13:47:09.460Z,true
Linda Mosciski,Conor.Klein58@hotmail.com,(477) 657-1314 x9316,2022-06-14T13:31:27.751Z,2024-01-27T03:00:52.221Z,true
Nora Leffler,Alysson_Langosh33@yahoo.com,612.731.2417,2022-03-16T21:15:09.207Z,2022-07-22T08:32:18.446Z,true
Dr. Domingo Fritsch MD,Norwood29@gmail.com,797-523-4698,2023-09-30T04:11:22.765Z,2024-04-25T14:30:11.888Z,true
Genevieve O'Reilly Sr.,Daryl.Weimann4@hotmail.com,859.696.2058 x355,2023-02-08T07:55:57.657Z,2024-08-25T12:46:50.895Z,true
Candice Murphy,Sadye_Schaden-Waelchi@yahoo.com,(340) 619-1961 x127,2022-03-12T17:45:47.466Z,2024-01-18T09:35:58.809Z,true
Lynn Rice,Jed_OConnell39@gmail.com,1-346-706-1803,2021-11-27T01:38:59.410Z,2022-04-18T01:12:16.991Z,true
Grace Ferry,Dax91@yahoo.com,(705) 885-1133 x66822,2023-03-04T10:54:13.933Z,2023-08-03T23:01:19.218Z,true
Dana Nienow,Josefina48@hotmail.com,(525) 350-3038,2022-04-06T22:19:01.880Z,2023-03-29T06:47:35.569Z,true
Shelley Mosciski,Howard.Schaden68@hotmail.com,(341) 932-6853 x42426,2023-03-13T14:00:20.202Z,2024-09-14T20:28:37.845Z,true
Judy Waelchi DDS,Keegan_Jaskolski@yahoo.com,335.797.2683 x251,2023-07-22T12:59:37.716Z,2024-02-21T22:28:15.801Z,true
Darrell Bauch,Nora.Kovacek98@gmail.com,733-398-4322 x3925,2023-03-05T13:16:51.101Z,2024-10-02T05:20:17.451Z,true
Antoinette Herzog PhD,Jonas27@gmail.com,395-204-8288 x4488,2022-05-07T17:13:41.597Z,2024-05-12T12:49:42.646Z,true
Patti Maggio,Frank56@hotmail.com,380.864.3551 x740,2022-10-12T22:30:48.948Z,2024-05-20T09:28:18.467Z,true
Shaun Farrell,Nella_Nolan81@gmail.com,649.397.5381 x899,2024-07-04T17:29:47.010Z,2024-09-06T00:18:18.375Z,true
Alberto Bradtke,Deion79@yahoo.com,735.534.0686,2023-11-02T03:17:15.533Z,2023-12-08T02:06:53.929Z,true
Brandon MacGyver,Davion94@yahoo.com,696.550.5350 x01652,2022-01-15T08:55:04.966Z,2024-09-07T23:19:57.235Z,true
Pam Ankunding,Myrtle_Williamson@yahoo.com,1-246-534-2341 x709,2023-01-04T21:39:14.930Z,2024-09-11T21:18:20.790Z,true
Mrs. Cindy Breitenberg,Lila.Purdy93@hotmail.com,(380) 985-6569 x031,2023-12-01T12:17:46.292Z,2024-01-18T09:32:28.134Z,true
Beth Corkery,Xavier.Gulgowski63@yahoo.com,(230) 640-3805 x7412,2023-07-06T10:26:19.702Z,2023-11-22T03:05:28.377Z,true
Tracy Rohan,Kitty_Rippin@gmail.com,330.881.6630 x5184,2024-01-20T12:47:08.761Z,2024-02-05T06:09:02.474Z,true
Jennie Bayer,Caitlyn75@yahoo.com,1-471-766-6274 x947,2022-04-25T13:49:37.207Z,2023-09-20T01:33:23.803Z,true
Paulette Rowe,Chelsie.Schumm35@yahoo.com,811.713.5416 x155,2024-05-14T11:57:06.109Z,2024-07-12T07:31:28.570Z,true
Lela Zieme II,Ellsworth.Harris88@hotmail.com,263-822-2123 x422,2021-12-13T12:18:21.538Z,2022-08-05T00:31:01.466Z,true
Brendan McCullough,Anthony_Powlowski68@hotmail.com,830.610.9583 x227,2024-06-28T13:36:16.568Z,2024-08-11T14:22:44.545Z,true
Levi Smitham,Fletcher.Kihn@hotmail.com,396.667.6526 x1386,2023-11-07T14:38:48.692Z,2024-03-29T02:01:31.794Z,true
Mr. Tom Considine,Narciso.Dietrich@gmail.com,209-742-6194 x3634,2022-01-20T16:28:43.482Z,2023-09-10T13:28:11.330Z,true
Carl Hickle,Rosalyn83@hotmail.com,1-236-485-5702 x101,2022-01-03T08:47:14.666Z,2022-01-26T21:11:51.654Z,true
Nicolas Beatty,Abner_Blick@hotmail.com,466-969-8417 x6395,2023-05-24T00:29:12.032Z,2024-03-22T06:08:44.115Z,true
Dawn Price,Rahul59@hotmail.com,263-802-5046 x60157,2023-11-14T09:15:38.861Z,2024-08-26T19:09:05.791Z,true
Mrs. Gina Sipes,Treva.Wyman42@gmail.com,884.873.6057 x17071,2024-07-20T01:31:52.884Z,2024-09-19T20:54:55.676Z,true
Matthew Murazik III,Christophe_Monahan79@hotmail.com,859-392-0892 x874,2023-06-23T23:45:24.685Z,2023-07-19T05:39:23.418Z,true
Kim Aufderhar MD,Brando_Lynch@yahoo.com,(767) 860-6828 x24888,2023-02-14T16:50:40.505Z,2023-08-21T20:39:34.884Z,true
Felix Bode-Wunsch,Elmira_Walsh@hotmail.com,963.345.7962 x38353,2021-11-16T08:23:21.692Z,2024-07-19T19:17:39.601Z,true
Valerie Boyle,Noelia_Becker@yahoo.com,(659) 887-2119,2023-01-06T03:50:31.103Z,2023-06-29T03:12:21.296Z,true
Tara Keeling,Rollin_Weissnat26@gmail.com,1-773-355-9080 x414,2024-02-26T17:16:47.021Z,2024-09-01T02:22:18.096Z,true
Jeremiah Bartell,Clay.Fritsch@yahoo.com,(883) 348-8716 x974,2024-08-31T11:19:21.875Z,2024-11-04T12:46:26.874Z,true
Bryan Stamm,Velva_Cremin72@hotmail.com,(972) 208-6821 x3496,2023-09-11T23:02:31.244Z,2024-02-12T10:07:32.902Z,true
Lorena Walker,Frieda.Konopelski@yahoo.com,609-253-5134 x059,2023-03-03T02:11:07.672Z,2023-04-17T17:07:00.363Z,true
Mr. Marty Swaniawski,Kellen_Orn-Yundt84@yahoo.com,(972) 500-9863 x0110,2024-02-04T17:36:49.446Z,2024-07-05T18:23:28.810Z,true
Doreen Dickinson,Alexandra_White@gmail.com,1-880-361-8009 x398,2022-02-16T19:05:48.479Z,2024-01-22T02:51:14.197Z,true
Robert Carroll,Eldred.Bogan@hotmail.com,227.284.2486 x6145,2023-04-17T10:35:18.737Z,2023-09-17T21:30:29.651Z,true
Nathan Watsica,Damian84@yahoo.com,1-936-270-4204 x474,2022-10-17T20:54:02.482Z,2023-02-03T12:38:31.937Z,true
Sheila Toy,Glenna_Cummings88@gmail.com,372.805.8277 x1847,2024-10-11T17:31:29.102Z,2024-11-06T05:57:09.517Z,true
Regina Mante,Chyna46@gmail.com,231.398.4429 x889,2022-02-01T14:24:59.574Z,2022-07-11T13:30:07.963Z,true
Dr. Santiago Walter,Martin_Powlowski@hotmail.com,550-628-5615 x598,2024-02-05T22:55:28.011Z,2024-07-22T01:14:21.705Z,true
Mrs. Jenna Morar,Malcolm80@yahoo.com,(788) 751-5339 x70960,2022-11-24T13:55:40.988Z,2023-03-05T06:37:25.441Z,true
Mr. Jonathan Rosenbaum,Gilberto_Beer@yahoo.com,445.387.1810 x48343,2024-08-11T23:37:02.621Z,2024-10-15T17:39:56.380Z,true
Tony Rau,Isaac_Kub27@hotmail.com,(201) 282-5575,2023-02-12T18:55:01.306Z,2024-10-31T17:38:05.333Z,true
Esther Luettgen,Melvina_Reinger27@yahoo.com,(505) 709-3207 x2193,2022-03-27T09:21:07.041Z,2023-10-22T20:01:00.910Z,true
Alberta Adams,Ahmed_Turner@hotmail.com,704-509-1652 x56018,2024-10-28T19:49:03.080Z,2024-10-28T22:07:49.030Z,true
Wanda Bosco,Serena_Spencer@gmail.com,948-362-6165 x1805,2022-01-04T01:26:22.643Z,2022-06-03T21:42:23.085Z,true
Kenneth Kunde,Walton.Dickens@yahoo.com,929.222.7061,2023-06-19T00:59:00.375Z,2024-08-17T09:08:13.993Z,true
Dr. Lola Fisher,Fidel.Heidenreich@yahoo.com,1-494-589-9103 x048,2024-08-07T23:31:14.478Z,2024-08-27T03:25:27.403Z,true
Jesus Block,Giovanny54@yahoo.com,479-530-0624,2022-02-26T19:07:31.884Z,2024-09-25T12:24:07.050Z,true
Francis Pollich DVM,Magdalen.Purdy@hotmail.com,(404) 471-7203 x48154,2024-10-17T16:36:40.122Z,2024-11-05T00:36:28.000Z,true
Brett Kuphal,Garret_Funk84@yahoo.com,(723) 594-9583 x15120,2024-05-02T06:41:56.036Z,2024-11-03T00:40:51.274Z,true
Inez Wehner MD,Sonia.Collins3@yahoo.com,1-749-681-0620,2024-01-31T07:13:35.073Z,2024-04-03T19:47:55.238Z,true
Bonnie Torp,Garnett40@yahoo.com,250.660.8200 x740,2022-08-29T10:03:17.848Z,2023-11-28T08:19:08.964Z,true
Ernest Aufderhar,Eli_Grady11@yahoo.com,1-318-346-8672 x2139,2024-06-29T04:53:58.063Z,2024-08-03T11:06:21.430Z,true
Joe Nolan,Emerald1@yahoo.com,(479) 844-8904 x4218,2023-12-13T19:54:17.973Z,2024-03-08T03:12:41.083Z,true
Dr. Ollie Franecki-Langosh,Keara.Fritsch@hotmail.com,247.674.2480 x70096,2023-03-12T20:00:58.375Z,2023-10-29T21:20:43.119Z,true
Tara West Jr.,Rosendo_Rowe48@hotmail.com,(406) 653-7321,2023-07-15T00:59:04.821Z,2024-07-16T05:35:32.756Z,true
Fannie Schroeder,Jaylon_Price@gmail.com,1-385-712-0116 x2884,2023-01-15T03:36:01.112Z,2024-01-15T00:12:52.970Z,true
Hugo Krajcik,Maximillia_Padberg@yahoo.com,807.879.2193 x46067,2022-09-06T21:55:54.371Z,2023-05-27T11:44:11.655Z,true
Ms. Terry Walter,Ryder87@gmail.com,427.458.8604 x53321,2024-01-03T00:10:14.053Z,2024-03-13T12:59:42.127Z,true
Eva Borer,Ricardo_Adams@hotmail.com,275-716-6642 x62632,2022-10-08T17:45:19.443Z,2023-12-01T14:46:26.465Z,true
Dr. Rudolph Predovic,Lorena_Herzog@hotmail.com,801-392-9153 x45269,2023-06-21T08:45:14.432Z,2023-09-24T20:10:57.638Z,true
Paul Kovacek,Timmy_Langosh@yahoo.com,584-998-6009 x31817,2023-01-01T17:30:56.868Z,2023-02-08T20:14:46.143Z,true
Matt Kozey V,Gracie98@hotmail.com,288-277-7669 x398,2022-02-20T05:40:45.258Z,2023-11-29T07:22:29.779Z,true
Andy Stark,Prudence.Zemlak30@gmail.com,875-623-4438,2024-04-16T14:31:24.009Z,2024-06-30T02:21:40.601Z,true
Kenneth Pollich,Iliana.Jacobi@yahoo.com,1-491-282-0629 x8518,2022-09-20T15:04:44.765Z,2023-11-28T13:45:46.565Z,true
Larry Effertz,Anahi_Grant@hotmail.com,1-327-352-8567 x53685,2022-10-24T23:47:13.867Z,2024-06-28T18:15:46.477Z,true
Colin Pfeffer DDS,Dell_Shanahan@hotmail.com,1-214-498-7321,2022-04-12T08:13:17.727Z,2022-12-22T14:19:49.149Z,true
Meredith Rolfson,Montana_Wolf@gmail.com,(408) 889-9246 x0278,2023-07-29T21:17:40.727Z,2023-11-18T11:36:26.444Z,true
Mrs. Ashley Kunde,Taya87@yahoo.com,(503) 669-0404 x25446,2024-05-06T13:49:30.277Z,2024-05-30T05:08:57.739Z,true
Edgar Fritsch II,Lesley.Beatty3@hotmail.com,(708) 783-4242,2022-12-11T18:39:34.541Z,2023-07-10T12:39:26.617Z,true
Tom Heathcote II,Darby.Adams38@yahoo.com,(614) 540-3939 x18953,2023-05-04T20:17:50.917Z,2024-02-07T11:55:06.913Z,true
Travis Von,Benedict44@hotmail.com,1-627-848-5449,2021-11-17T15:25:21.460Z,2023-05-24T17:53:53.700Z,true
Tim Parker,Emmet.Smith@hotmail.com,1-619-594-2833,2022-12-06T20:51:36.871Z,2024-10-09T18:23:01.423Z,true
Marilyn Carroll,Carmelo.Ryan99@yahoo.com,1-626-239-9929 x324,2024-01-25T23:17:41.591Z,2024-10-04T22:28:39.365Z,true
Dr. Leo Cassin III,Clementine35@gmail.com,892-838-7977 x5095,2023-12-14T02:12:46.224Z,2024-02-01T09:38:38.372Z,true
Erika Wolf,Jovani.Herman@yahoo.com,1-927-997-7386,2024-09-25T13:49:42.171Z,2024-10-30T03:02:32.089Z,true
Dr. Robert O'Connell,Alexa24@hotmail.com,318-245-3041,2022-02-11T18:53:28.900Z,2023-09-04T10:50:59.714Z,true
Archie Maggio,Estella68@gmail.com,958-494-9427 x73423,2021-12-15T01:16:16.327Z,2024-05-28T08:25:43.494Z,true
Edward Leannon,Matteo48@hotmail.com,1-779-986-5100 x28875,2022-11-24T13:21:58.090Z,2022-12-14T22:44:53.477Z,true
Shirley Schamberger,Joany.Oberbrunner@hotmail.com,215.383.7469,2023-12-17T03:33:10.464Z,2024-01-27T23:57:28.438Z,true
Joseph Deckow,Lelia.Reichel@hotmail.com,(488) 288-8907,2023-04-08T13:01:17.971Z,2023-09-03T10:02:01.130Z,true
Ms. Becky Christiansen,Kraig_Veum98@hotmail.com,415.935.8963 x9996,2023-07-27T23:22:58.015Z,2024-02-26T12:50:32.058Z,true
Kathy Kling,Myron_Hirthe@gmail.com,415.949.7106 x549,2022-07-13T11:49:41.093Z,2022-08-06T15:18:40.926Z,true
Paulette Doyle,Dameon.Rice@hotmail.com,(804) 383-2205 x58755,2022-08-04T12:06:09.623Z,2023-03-22T18:43:35.181Z,true
Lena Littel,Elroy_Ziemann@yahoo.com,740.206.6143 x5638,2022-02-13T22:46:57.744Z,2024-04-01T20:23:41.132Z,true
Don Jast,Dianna.Hauck8@gmail.com,(274) 611-7562,2024-05-31T19:02:42.255Z,2024-07-05T21:22:17.785Z,true
Alexander Marvin DVM,Jamal.Konopelski@hotmail.com,1-289-301-8874 x352,2022-12-29T23:54:51.678Z,2023-08-19T18:38:53.705Z,true
Arthur Armstrong,Dariana.DuBuque27@yahoo.com,(692) 742-4338,2022-02-25T16:31:51.871Z,2022-07-02T18:40:08.471Z,true
Emma Upton,Una.Bashirian@hotmail.com,(705) 592-6189 x7122,2023-03-23T06:20:14.942Z,2023-12-22T20:42:53.110Z,true
Velma Morar-Bahringer,Gladyce.Cummerata99@hotmail.com,937-436-5107 x503,2024-09-10T02:23:01.057Z,2024-10-10T20:29:06.302Z,true
Kerry Wolff,Jamal47@gmail.com,(448) 638-5092 x3838,2022-05-31T03:56:24.125Z,2024-06-25T16:44:58.035Z,true
Darlene Hamill,Kay88@gmail.com,203.228.4854,2023-06-10T05:04:00.517Z,2024-04-19T13:14:35.091Z,true