Yadira_Hoppe@hotmail.com,2024-10-05T22:11:48.323Z,2024-10-22T22:11:48.323Z,Resolved
Walter50@yahoo.com,2024-04-24T04:15:18.522Z,,Open
Orie.Schimmel56@gmail.com,2024-03-28T17:15:55.947Z,2024-04-23T17:15:55.947Z,Resolved
Orie.Schimmel56@gmail.com,2023-12-29T01:19:47.588Z,2024-01-20T01:19:47.588Z,Resolved
Nicolas_Koch@hotmail.com,2022-10-24T07:58:20.583Z,2022-11-01T07:58:20.583Z,Resolved
Lambert76@yahoo.com,2023-09-22T06:35:52.971Z,2023-10-09T06:35:52.971Z,Resolved
Lazaro.Bernier31@gmail.com,2024-07-07T21:50:15.948Z,2024-07-28T21:50:15.948Z,Resolved
Nathan_Gutkowski36@yahoo.com,2022-11-29T23:20:14.975Z,2022-12-13T23:20:14.975Z,Resolved
Tamara_Nader-Fisher@hotmail.com,2023-11-15T07:28:13.591Z,,Open
Camren.Graham94@gmail.com,2023-10-11T07:21:57.756Z,2023-11-06T07:21:57.756Z,Resolved
London_Bailey@hotmail.com,2024-09-07T18:55:43.187Z,2024-09-19T18:55:43.187Z,Resolved
Mya_Douglas@gmail.com,2024-09-13T21:32:28.634Z,2024-10-05T21:32:28.634Z,Resolved
Kay_Stanton8@yahoo.com,2023-07-29T17:20:45.269Z,,Open
Aric.Larkin@yahoo.com,2023-02-15T23:01:41.617Z,2023-03-06T23:01:41.617Z,Resolved